{"finds":[{"x":-1.9520001411437989,"y":0.7670000195503235,"size":{"x":0.4099999964237213,"y":0.4099999964237213},"direction":0},{"x":-2.0899996757507326,"y":-0.9099999666213989,"size":{"x":0.4000000059604645,"y":0.4000000059604645},"direction":0},{"x":0.2799999713897705,"y":2.931999921798706,"size":{"x":0.800000011920929,"y":0.38999998569488528},"direction":1},{"x":4.177999973297119,"y":-0.10000002384185791,"size":{"x":0.3799999952316284,"y":0.30000001192092898},"direction":1}]}